query,timestamp,model,response
tÃ´i muá»‘n tÃ¬m phÃ²ng giÃ¡ dÆ°á»›i 4 triá»‡u á»Ÿ quáº­n cáº§u giáº¥y hÃ  ná»™i,2025-05-22T15:48:15.981719,gemini,"

ChÃ o báº¡n! ğŸ’– MÃ¬nh Ä‘Ã£ tÃ¬m Ä‘Æ°á»£c 3 phÃ²ng trá» phÃ¹ há»£p vá»›i yÃªu cáº§u cá»§a báº¡n á»Ÿ quáº­n Cáº§u Giáº¥y, HÃ  Ná»™i, giÃ¡ dÆ°á»›i 4 triá»‡u Ä‘Ã¢y:

*   **PhÃ²ng 1:**
    *   **GiÃ¡:** 2,800,000Ä‘/thÃ¡ng ğŸ’°
    *   **Äá»‹a chá»‰:** XuÃ¢n Thá»§y, Dá»‹ch Vá»ng Háº­u
    *   **Æ¯u Ä‘iá»ƒm:** GiÃ¡ cáº£ pháº£i chÄƒng.
    *   **NhÆ°á»£c Ä‘iá»ƒm:** KhÃ´ng cÃ³ tiá»‡n Ã­ch gÃ¬ thÃªm.
    *   **Xem chi tiáº¿t:** [http://localhost:3000/user/room-details/348](http://localhost:3000/user/room-details/348)

*   **PhÃ²ng 2:**
    *   **GiÃ¡:** 3,000,000Ä‘/thÃ¡ng ğŸ’°
    *   **Äá»‹a chá»‰:** HoÃ ng Quá»‘c Viá»‡t, NghÄ©a ÄÃ´
    *   **Æ¯u Ä‘iá»ƒm:** CÃ³ ká»‡ báº¿p, mÃ¡y giáº·t, khÃ´ng chung chá»§, giá» giáº¥c tá»± do, báº£o vá»‡ 24/24, cÃ³ háº§m xe. ğŸš—
    *   **NhÆ°á»£c Ä‘iá»ƒm:** GiÃ¡ hÆ¡i cao hÆ¡n phÃ²ng 1 má»™t chÃºt.
    *   **Xem chi tiáº¿t:** [http://localhost:3000/user/room-details/2652](http://localhost:3000/user/room-details/2652)

*   **PhÃ²ng 3:**
    *   **GiÃ¡:** 3,500,000Ä‘/thÃ¡ng ğŸ’°
    *   **Äá»‹a chá»‰:** YÃªn HÃ²a
    *   **Æ¯u Ä‘iá»ƒm:** Äáº§y Ä‘á»§ tiá»‡n Ã­ch (ká»‡ báº¿p, mÃ¡y láº¡nh, mÃ¡y giáº·t, tá»§ láº¡nh), khÃ´ng chung chá»§, giá» giáº¥c tá»± do, báº£o vá»‡ 24/24. â„ï¸
    *   **NhÆ°á»£c Ä‘iá»ƒm:** GiÃ¡ cao nháº¥t trong 3 phÃ²ng.
    *   **Xem chi tiáº¿t:** [http://localhost:3000/user/room-details/344](http://localhost:3000/user/room-details/344)

**Lá»i khuyÃªn:** Náº¿u báº¡n Æ°u tiÃªn giÃ¡ ráº» nháº¥t, phÃ²ng 1 lÃ  lá»±a chá»n tá»‘t. Náº¿u báº¡n muá»‘n tiá»‡n nghi hÆ¡n, phÃ²ng 2 hoáº·c 3 sáº½ phÃ¹ há»£p hÆ¡n. CÃ¢n nháº¯c ká»¹ nhu cáº§u cá»§a báº¡n Ä‘á»ƒ chá»n phÃ²ng Æ°ng Ã½ nháº¥t nhÃ©! ğŸ˜‰"
