timestamp,model,room_name,room_type,area,price,address,district,city,generated_title,generated_description,generation_time,original_furniture,original_electricity_bill,original_water_bill
2025-06-12T22:48:02.491115,gemini,,chungcu,123,1000000,"Báº¡ch ThÃ´ng, Báº¯c Káº¡n",,,"ğŸ’ HOT! Chung cÆ° SIÃŠU Rá»˜NG, giÃ¡ chá»‰ 1 TRIá»†U! â° Sáº®P Háº¾T!","ğŸ’¥ WOW! Báº¡n khÃ´ng nhÃ¬n nháº§m Ä‘Ã¢u! CÄƒn há»™ chung cÆ° rá»™ng 123mÂ² táº¡i Báº¡ch ThÃ´ng, Báº¯c Káº¡n chá»‰ vá»›i giÃ¡ thuÃª khÃ´ng thá»ƒ tin Ä‘Æ°á»£c: 1.000.000Ä‘/thÃ¡ng! ğŸ’° GIÃ Cá»°C Æ¯U ÄÃƒI - CÆ¡ há»™i vÃ ng khÃ´ng thá»ƒ bá» lá»¡! 

ğŸ  Rá»˜NG RÃƒI THOÃNG MÃT: Diá»‡n tÃ­ch cá»±c khá»§ng, tha há»“ thiáº¿t káº¿ khÃ´ng gian sá»‘ng theo Ã½ thÃ­ch. Tá»± do sÃ¡ng táº¡o tá»• áº¥m riÃªng, khÃ´ng lo gÃ² bÃ³!

ğŸ“ Vá»‹ trÃ­ thuáº­n tiá»‡n, dá»… dÃ ng di chuyá»ƒn Ä‘áº¿n cÃ¡c khu vá»±c lÃ¢n cáº­n. Khu vá»±c an ninh, yÃªn tÄ©nh, phÃ¹ há»£p cho gia Ä‘Ã¬nh hoáº·c nhÃ³m báº¡n.

âš ï¸ LÆ¯U Ã: PhÃ²ng hiá»‡n chÆ°a cÃ³ ná»™i tháº¥t, táº¡o Ä‘iá»u kiá»‡n cho báº¡n tá»± do trang trÃ­ vÃ  lá»±a chá»n ná»™i tháº¥t phÃ¹ há»£p vá»›i phong cÃ¡ch cÃ¡ nhÃ¢n. Thoáº£ sá»©c sÃ¡ng táº¡o, biáº¿n cÄƒn há»™ thÃ nh khÃ´ng gian sá»‘ng Ä‘á»™c Ä‘Ã¡o cá»§a riÃªng báº¡n!

ğŸ’¸ Chi phÃ­ Ä‘iá»‡n: 2.000Ä‘/kWh, nÆ°á»›c: 20.000Ä‘/m3 - GiÃ¡ cáº£ há»£p lÃ½, minh báº¡ch.

â° Äá»«ng cháº§n chá»«! Sá»‘ lÆ°á»£ng cÃ³ háº¡n! LiÃªn há»‡ ngay Ä‘á»ƒ xem phÃ²ng vÃ  chá»›p láº¥y cÆ¡ há»™i hiáº¿m cÃ³ nÃ y! Gá»i ngay káº»o lá»¡!",4.70317268371582,KhÃ´ng,2000,20000
